{
  "project_info": {
    "project_number": "200665657011",
    "firebase_url": "https://health-assistance-robot-default-rtdb.asia-southeast1.firebasedatabase.app",
    "project_id": "health-assistance-robot",
    "storage_bucket": "health-assistance-robot.firebasestorage.app"
  },
  "client": [
    {
      "client_info": {
        "mobilesdk_app_id": "1:200665657011:android:9cb4c2065d12652b854ac6",
        "android_client_info": {
          "package_name": "com.nibm.healthassistance"
        }
      },
      "oauth_client": [],
      "api_key": [
        {
          "current_key": "AIzaSyC5wexNYBYksBXeR9Gmq2nb0VgDDV81pMQ"
        }
      ],
      "services": {
        "appinvite_service": {
          "other_platform_oauth_client": []
        }
      }
    }
  ],
  "configuration_version": "1"
}